ID,Nombre del recurso,Tipo,Área de conocimiento,Sub area ,Descripción,Institución responsable,País,Idioma,Acceso,URL,Recursos disponibles,Estado de revisión
2,BibloRed – Red Distrital de Bibliotecas Públicas de Bogotá,Biblioteca digital,General,General,"Red de bibliotecas públicas que ofrece acceso a libros electrónicos, audiolibros, revistas, bases de datos, cursos, colecciones digitales y recursos educativos para la comunidad. Esta biblioteca tiene materia de eBooks 7-24",BibloRed,Colombia,Español,Gratuito con registro,https://biblored.gov.co/afiliese-a-biblored,"Libros, videos, bases de datos, revistas, periodicos, multimedia, cursos",Validado
6,Descartes ,Biblioteca digital,General,General,"Comunidad educativa iberoamericana que desarrolla y comparte de forma gratuita recursos digitales interactivos (applets) para la enseñanza de las matemáticas y otras áreas, creados con el editor DescartesJS.",Proyecto Descartes (origen: Ministerio de Educación de España),España,Español,Libre ,https://proyectodescartes.org/descartescms/,"Recursos interactivos, applets, materiales didácticos",Revisado
7,PruebaT,Repositorio,General,General,"PruébaT es una plataforma educativa en línea desarrollada por la Fundación Carlos Slim, cuyo objetivo es brindar de manera gratuita, experiencias de aprendizaje con el fin de ofrecer y fortalecer conocimientos y habilidades que son indispensables en el siglo XXI.",Fundación Carlos Slim,México,Español,Gratuito con registro,https://pruebat.org/index.php,"Cursos, videos, ejercicios interactivos",Revisado
8,Cokitos,Juegos,General,General,"Plataforma que ofrece juegos educativos gratuitos en línea para practicar matemáticas, lenguaje y otras áreas, dirigidos principalmente a educación básica.",,,Español,Gratuito,https://www.cokitos.com/,Juegos educativos,Revisado
9,thatquiz,Herramienta de evaluación,General,General,"Herramienta gratuita para crear y aplicar pruebas y ejercicios interactivos de matemáticas y otras materias, con corrección automática e informes de resultados.",,,Multilingüe,Gratuito,https://www.thatquiz.org/es/,Pruebas y ejercicios interactivos autocorregibles,Revisado
10,Lean Game Server,Juegos,Matemáticas,Lógica y demostración matemática,"Servidor de juegos interactivos basado en el asistente de pruebas Lean, desarrollado por la Universidad Heinrich Heine de Düsseldorf, donde se aprende a construir demostraciones matemáticas formales jugando (p. ej., el Natural Number Game).",Heinrich-Heine-Universität Düsseldorf (HHU),Alemania,Inglés,Gratuito,https://adam.math.hhu.de/,Juegos de lógica y demostración matemática,Revisado
11,Mathos AI,Herramienta con IA,Matemáticas,General,"Tutor y solucionador de matemáticas basado en inteligencia artificial (también conocido como MathGPTPro), que resuelve y explica paso a paso ejercicios de álgebra, cálculo, geometría y estadística.",,,Inglés,"Freemium (uso básico gratuito, funciones avanzadas de pago)",https://www.mathos.ai/,"Resolución de ejercicios, tutor con IA",Revisado
12,Academo – Logic Gate Simulator,Simulador interactivo,Matemáticas discretas / Lógica,Circuitos lógicos,"Simulador interactivo gratuito para construir y probar circuitos con puertas lógicas (AND, OR, NOT, XOR, etc.), útil para la enseñanza de lógica proposicional y álgebra booleana.",Academo.org,,Inglés,Gratuito,https://academo.org/demos/logic-gate-simulator/,Simulador de circuitos lógicos,Revisado
13,Biblioteca Virtual del Banco de la República,Biblioteca digital,General,General,"Una de las bibliotecas digitales más completas de Colombia, con más de 50.000 documentos en cerca de 35 colecciones: libros, mapas históricos, fotografías, prensa antigua, artículos académicos, tesis, videos y audios, de acceso libre y sin necesidad de registro.",Banco de la República,Colombia,Español,Gratuito,https://babel.banrepcultural.org/,"Libros, revistas, tesis, mapas, fotografías, audios, videos",Revisado
14,SciELO – Scientific Electronic Library Online,Biblioteca digital,General,General,"Biblioteca electrónica que reúne una red iberoamericana de colecciones de revistas científicas a texto completo, en acceso abierto, libre y gratuito, en todas las áreas del conocimiento.",FAPESP / BIREME,Brasil,Multilingüe,Gratuito,https://www.scielo.org/es/,Revistas y artículos científicos,Revisado
15,Redalyc,Biblioteca digital,General,General,"Red de Revistas Científicas de América Latina y el Caribe, España y Portugal: sistema de información científica de acceso abierto y sin fines de lucro que reúne miles de artículos revisados por pares.",Universidad Autónoma del Estado de México (UAEM),México,Español,Gratuito,https://www.redalyc.org/,Revistas y artículos científicos,Revisado
16,Dialnet,Biblioteca digital,General,General,"Uno de los mayores portales bibliográficos del mundo hispano, de acceso libre y gratuito, que recopila artículos de revistas, libros, capítulos, actas de congresos y tesis doctorales, muchos a texto completo.",Fundación Dialnet – Universidad de La Rioja,España,Español,Gratuito,https://dialnet.unirioja.es/,"Libros, revistas, artículos, tesis",Revisado
17,OpenStax,Biblioteca digital,General,General,"Organización sin ánimo de lucro de la Universidad Rice que publica libros de texto universitarios gratuitos, revisados por pares y con licencia abierta, incluyendo colecciones de matemáticas, estadística y negocios listas para descargar en PDF.",Rice University,Estados Unidos,Español,Gratuito,https://openstax.org/,Libros de texto universitarios,Revisado
18,DOAB – Directory of Open Access Books,Biblioteca digital,General,General,Directorio internacional que indexa y da acceso gratuito a decenas de miles de libros académicos revisados por pares y publicados en acceso abierto por editoriales de confianza de todo el mundo.,DOAB Foundation (OAPEN / OpenEdition),Países Bajos,Multilingüe,Gratuito,https://www.doabooks.org/,Libros académicos,Revisado
19,GeoGebra – Recursos,Biblioteca digital,Matemáticas,General,"Plataforma en línea con más de un millón de recursos matemáticos gratuitos (applets, actividades y libros interactivos) creados por la comunidad global de GeoGebra, además de sus herramientas de geometría, álgebra, hojas de cálculo y estadística.",GeoGebra,Austria,Multilingüe,Gratuito,https://www.geogebra.org/materials,"Applets, actividades interactivas, calculadoras",Revisado
20,Wayground (antes Quizizz),Herramienta de evaluación,General,General,"Plataforma de evaluación gamificada donde los docentes crean quizzes, lecciones interactivas y juegos con retroalimentación y reportes en tiempo real. Cambió su nombre de Quizizz a Wayground en 2025, conservando cuentas, bibliotecas de preguntas y códigos de acceso.",Wayground Inc.,Estados Unidos,Multilingüe,"Freemium (plan gratuito con funciones esenciales; planes pagos con IA, más recursos e integraciones)",https://wayground.com/,"Quizzes, lecciones interactivas, juegos, reportes",Revisado
21,Educaplay,Herramienta de evaluación,General,General,"Plataforma para crear y compartir actividades educativas multimedia (crucigramas, sopas de letras, cuestionarios, relacionar conceptos, entre 14 tipos de actividad). El uso básico es completamente gratuito; el plan Premium quita publicidad y añade informes avanzados e integración LMS.",ADR Formación,España,Multilingüe,"Freemium (uso básico gratuito; planes Avanzado, Académico y Comercial de pago)",https://es.educaplay.com/,"Cuestionarios, crucigramas, sopas de letras, juegos de relacionar",Revisado
22,Kahoot!,Herramienta de evaluación,General,General,"Plataforma de juegos de preguntas en vivo tipo concurso, muy popular en el aula. El plan gratuito (Basic) permite crear kahoots con opción múltiple y verdadero/falso, pero limita las partidas a 10 jugadores; los planes de pago (Kahoot+) quitan ese límite y añaden reportes, más tipos de pregunta e IA.",Kahoot!,Noruega,Multilingüe,Freemium (plan gratuito limitado a 10 jugadores; planes pagos desde aprox. USD 3–19/mes),https://kahoot.com/,"Juegos de preguntas en vivo, informes de resultados",Revisado
23,Wordwall,Herramienta de evaluación,General,General,"Herramienta para crear actividades interactivas y para imprimir (más de 30 tipos: quiz, sopa de letras, emparejar, rueda aleatoria, etc.), reutilizando la misma actividad en distintos formatos de juego. La cuenta Básica es gratuita y permite crear hasta 5 actividades; los planes Estándar y Pro (pago) permiten actividades ilimitadas.",Wordwall.net,Reino Unido,Multilingüe,Freemium (cuenta gratuita limitada a 5 actividades; planes Estándar y Pro de pago),https://wordwall.net/es,"Quizzes, juegos de emparejar, ruedas, actividades imprimibles",Revisado
24,Blooket,Herramienta de evaluación,General,General,"Plataforma de juegos de preguntas en equipo con distintos modos de juego (Gold Quest, Tower Defense, etc.) y avatares coleccionables ('Blooks'). El plan gratuito permite crear cuestionarios y jugar partidas en vivo con hasta 60 jugadores; Blooket Plus (de pago) eleva el límite de jugadores y añade reportes e informes más detallados.",Blooket,Estados Unidos,Inglés,Freemium (plan gratuito con partidas de hasta 60 jugadores; Blooket Plus de pago),https://www.blooket.com/,"Juegos de preguntas en equipo, tareas para casa",Revisado
25,Gimkit,Herramienta de evaluación,General,General,"Plataforma de juegos de preguntas en vivo con una economía interna: los estudiantes ganan dinero virtual por respuestas correctas y lo usan para comprar mejoras dentro del juego. El plan gratuito (Basic) permite jugadores ilimitados en los modos destacados, pero solo rota tres modos gratuitos a la vez; Gimkit Pro (de pago) desbloquea todos los modos y análisis completos.","Gimkit, Inc.",Estados Unidos,Inglés,Freemium (plan gratuito Basic con modos rotativos; Gimkit Pro de pago),https://www.gimkit.com/,"Juegos de preguntas en vivo con economía interna, reportes",Revisado
26,PhET Interactive Simulations,Simulador interactivo,Matemáticas,General,"Proyecto de la Universidad de Colorado Boulder con más de un centenar de simulaciones interactivas gratuitas y basadas en investigación educativa para explorar conceptos de matemáticas, física, química, biología y ciencias de la Tierra de forma visual y manipulable.",University of Colorado Boulder,Estados Unidos,Multilingüe,Gratuito,https://phet.colorado.edu/es/,Simulaciones interactivas de matemáticas y ciencias,Revisado
27,Wolfram Demonstrations Project,Simulador interactivo,Matemáticas,General,"Colección de más de 13.000 demostraciones interactivas y de acceso libre, organizadas por temas como matemáticas, finanzas, ciencias de la computación y economía, que permiten manipular variables y ver los resultados en tiempo real (requiere el reproductor gratuito Wolfram Player).",Wolfram Research,Estados Unidos,Inglés,Gratuito,https://demonstrations.wolfram.com/,Demostraciones interactivas de matemáticas y finanzas,Revisado
28,Python Tutor,Simulador interactivo,Programación,General,"Compilador y depurador visual gratuito que muestra paso a paso, línea por línea, cómo se ejecuta un programa (Python, Java, C, C++ y JavaScript), visualizando variables, memoria y estructuras de datos: ideal para introducir lógica de programación.",Philip Guo,Estados Unidos,Inglés,Gratuito,https://pythontutor.com/,Visualizador y depurador de código paso a paso,Revisado
29,Scratch,Simulador interactivo,Programación,General,"Lenguaje y entorno de programación visual por bloques desarrollado por el MIT Media Lab, que permite crear animaciones, historias interactivas y videojuegos sin escribir código de texto, introduciendo conceptos de secuencias, bucles, condicionales y variables.",MIT Media Lab,Estados Unidos,Multilingüe,Gratuito,https://scratch.mit.edu/,"Programación por bloques, proyectos interactivos",Revisado
30,Virtonomics,Simulador de negocios,Administración,Gestión empresarial,"Simulador de negocios multijugador basado en navegador donde se administra una empresa virtual (producción, ventas, personal, competencia de mercado) para practicar principios de gestión, finanzas y estrategia empresarial. Se usa desde 2009 como herramienta de entrenamiento en universidades y escuelas de negocios.",GamerFlot Trading Ltd.,Rusia,Multilingüe,Freemium (modo gratuito free-to-play; suscripción de pago con más funciones),https://es.virtonomics.com/,"Simulación de gestión empresarial, producción y mercado",Revisado
